{
    "camera": [
        {
            "type": "camera",
            "name": "camera",
            "location": [
                -0.0,
                -178.37313842773438,
                35.81010055541992
            ],
            "up": [
                -0.0,
                8.940696716308594e-08,
                -1.0
            ],
            "target": [
                -0.0,
                -177.37313842773438,
                35.81010055541992
            ]
        }
    ],
    "clouds": [],
    "main": [
        {
            "type": "box",
            "name": "wall_b",
            "color": [
                194.89287972450256,
                177.04833805561066,
                154.35247510671616,
                255
            ],
            "location": [
                -0.0,
                0.0,
                -37.6674690246582
            ],
            "rotation": [
                1.570796325,
                -0.0,
                -0.0
            ],
            "scale": [
                1,
                1,
                1
            ],
            "dimensions": [
                242.29803466796875,
                122.19794464111328,
                2.0
            ]
        },
        {
            "type": "box",
            "name": "wall_t",
            "color": [
                194.89287972450256,
                177.04833805561066,
                154.35247510671616,
                255
            ],
            "location": [
                -0.0,
                0.0,
                161.91445922851562
            ],
            "rotation": [
                1.570796325,
                -0.0,
                -0.0
            ],
            "scale": [
                1,
                1,
                1
            ],
            "dimensions": [
                242.29803466796875,
                122.19794464111328,
                2.0
            ]
        },
        {
            "type": "box",
            "name": "table_top",
            "color": [
                81.22739776968956,
                44.36681069433689,
                4.778407942503691,
                255
            ],
            "location": [
                -0.0,
                -37.58253479003906,
                0.0
            ],
            "rotation": [
                1.570796325,
                -0.0,
                -0.0
            ],
            "scale": [
                1,
                1,
                1
            ],
            "dimensions": [
                116.82488250732422,
                5.9095458984375,
                73.73263549804688
            ]
        },
        {
            "type": "sphere",
            "name": "table_leg_fl",
            "color": [
                81.22739776968956,
                44.36681069433689,
                4.778407942503691,
                255
            ],
            "location": [
                53.20275115966797,
                -66.52110290527344,
                -7.012721061706543
            ],
            "rotation": [
                0.0,
                -0.0,
                -0.0
            ],
            "scale": [
                1,
                1,
                1
            ],
            "dimensions": [
                6.662269115447998
            ]
        },
        {
            "type": "cone",
            "name": "table_leg_fl",
            "color": [
                81.22739776968956,
                44.36681069433689,
                4.778407942503691,
                255
            ],
            "location": [
                53.20275115966797,
                -66.52110290527344,
                -64.58405303955078
            ],
            "rotation": [
                1.570796325,
                -3.1415929794311523,
                0.0
            ],
            "scale": [
                1,
                1,
                1
            ],
            "dimensions": [
                5.0023040771484375,
                131.1422882080078
            ]
        },
        {
            "type": "sphere",
            "name": "table_leg_fr",
            "color": [
                81.22739776968956,
                44.36681069433689,
                4.778407942503691,
                255
            ],
            "location": [
                -52.13894271850586,
                -66.52110290527344,
                -7.012721061706543
            ],
            "rotation": [
                0.0,
                -0.0,
                -0.0
            ],
            "scale": [
                1,
                1,
                1
            ],
            "dimensions": [
                6.662269115447998
            ]
        },
        {
            "type": "cone",
            "name": "table_leg_fr",
            "color": [
                81.22739776968956,
                44.36681069433689,
                4.778407942503691,
                255
            ],
            "location": [
                -52.13894271850586,
                -66.52110290527344,
                -64.58405303955078
            ],
            "rotation": [
                1.570796325,
                -3.1415929794311523,
                0.0
            ],
            "scale": [
                1,
                1,
                1
            ],
            "dimensions": [
                5.0023040771484375,
                131.1422882080078
            ]
        },
        {
            "type": "sphere",
            "name": "table_leg_br",
            "color": [
                81.22739776968956,
                44.36681069433689,
                4.778407942503691,
                255
            ],
            "location": [
                -52.13894271850586,
                -7.835595607757568,
                -7.012721061706543
            ],
            "rotation": [
                0.0,
                -0.0,
                -0.0
            ],
            "scale": [
                1,
                1,
                1
            ],
            "dimensions": [
                6.662269115447998
            ]
        },
        {
            "type": "cone",
            "name": "table_leg_br",
            "color": [
                81.22739776968956,
                44.36681069433689,
                4.778407942503691,
                255
            ],
            "location": [
                -52.13894271850586,
                -7.835596084594727,
                -64.58405303955078
            ],
            "rotation": [
                1.570796325,
                -3.1415929794311523,
                0.0
            ],
            "scale": [
                1,
                1,
                1
            ],
            "dimensions": [
                5.0023040771484375,
                131.1422882080078
            ]
        },
        {
            "type": "sphere",
            "name": "table_leg_bl",
            "color": [
                81.22739776968956,
                44.36681069433689,
                4.778407942503691,
                255
            ],
            "location": [
                51.67658615112305,
                -7.835595607757568,
                -7.012721061706543
            ],
            "rotation": [
                0.0,
                -0.0,
                -0.0
            ],
            "scale": [
                1,
                1,
                1
            ],
            "dimensions": [
                6.662269115447998
            ]
        },
        {
            "type": "cone",
            "name": "table_leg_bl",
            "color": [
                81.22739776968956,
                44.36681069433689,
                4.778407942503691,
                255
            ],
            "location": [
                51.67658615112305,
                -7.835596084594727,
                -64.58405303955078
            ],
            "rotation": [
                1.570796325,
                -3.1415929794311523,
                0.0
            ],
            "scale": [
                1,
                1,
                1
            ],
            "dimensions": [
                5.0023040771484375,
                131.1422882080078
            ]
        },
        {
            "type": "box",
            "name": "wall_l",
            "color": [
                194.89287972450256,
                177.04833805561066,
                154.35247510671616,
                255
            ],
            "location": [
                93.31764221191406,
                0.0,
                61.96796417236328
            ],
            "rotation": [
                1.570796325,
                -0.0,
                -0.0
            ],
            "scale": [
                1,
                1,
                1
            ],
            "dimensions": [
                56.32856750488281,
                79.61286926269531,
                2.0
            ]
        },
        {
            "type": "box",
            "name": "wall_r",
            "color": [
                194.89287972450256,
                177.04833805561066,
                154.35247510671616,
                255
            ],
            "location": [
                -92.83024597167969,
                0.0,
                61.96796417236328
            ],
            "rotation": [
                1.570796325,
                -0.0,
                -0.0
            ],
            "scale": [
                1,
                1,
                1
            ],
            "dimensions": [
                56.32856750488281,
                79.61286926269531,
                2.0
            ]
        },
        {
            "type": "box",
            "name": "window_r",
            "color": [
                81.22739776968956,
                44.36681069433689,
                4.778407942503691,
                255
            ],
            "location": [
                -66.34709930419922,
                0.0,
                61.96796417236328
            ],
            "rotation": [
                1.570796325,
                -0.0,
                -0.0
            ],
            "scale": [
                1,
                1,
                1
            ],
            "dimensions": [
                6.181187152862549,
                87.77839660644531,
                9.6856107711792
            ]
        },
        {
            "type": "box",
            "name": "window_l",
            "color": [
                81.22739776968956,
                44.36681069433689,
                4.778407942503691,
                255
            ],
            "location": [
                66.34709930419922,
                0.0,
                61.96796417236328
            ],
            "rotation": [
                1.570796325,
                -0.0,
                -0.0
            ],
            "scale": [
                1,
                1,
                1
            ],
            "dimensions": [
                6.181187152862549,
                87.77839660644531,
                9.6856107711792
            ]
        },
        {
            "type": "box",
            "name": "window_b",
            "color": [
                81.22739776968956,
                44.36681069433689,
                4.778407942503691,
                255
            ],
            "location": [
                -0.0,
                0.0,
                21.12841033935547
            ],
            "rotation": [
                1.570796325,
                -1.570796251296997,
                -0.0
            ],
            "scale": [
                1,
                1,
                1
            ],
            "dimensions": [
                6.181187152862549,
                126.49031066894531,
                9.6856107711792
            ]
        },
        {
            "type": "box",
            "name": "window_t",
            "color": [
                81.22739776968956,
                44.36681069433689,
                4.778407942503691,
                255
            ],
            "location": [
                -0.0,
                0.0,
                102.8334732055664
            ],
            "rotation": [
                1.570796325,
                -1.570796251296997,
                -0.0
            ],
            "scale": [
                1,
                1,
                1
            ],
            "dimensions": [
                6.181187152862549,
                126.49031066894531,
                9.6856107711792
            ]
        },
        {
            "type": "box",
            "name": "book_spine",
            "color": [
                204.0000182390213,
                82.04531148076057,
                81.60000577569008,
                255
            ],
            "location": [
                -0.0,
                -37.0,
                3.4250614643096924
            ],
            "rotation": [
                1.570796325,
                -0.0,
                -0.0
            ],
            "scale": [
                1,
                1,
                1
            ],
            "dimensions": [
                7.160658359527588,
                0.8282372355461121,
                50.473670959472656
            ]
        },
        {
            "type": "box",
            "name": "book_joint_l",
            "color": [
                204.0000182390213,
                82.04531148076057,
                81.60000577569008,
                255
            ],
            "location": [
                4.342257022857666,
                -37.0,
                4.19077205657959
            ],
            "rotation": [
                1.570796325,
                -1.0111242532730103,
                -0.0
            ],
            "scale": [
                1,
                1,
                1
            ],
            "dimensions": [
                3.0488929748535156,
                0.8282372951507568,
                50.473670959472656
            ]
        },
        {
            "type": "box",
            "name": "book_cover_l",
            "color": [
                204.0000182390213,
                82.04531148076057,
                81.60000577569008,
                255
            ],
            "location": [
                17.861135482788086,
                -37.0,
                4.425116539001465
            ],
            "rotation": [
                1.570796325,
                0.0641041174530983,
                -0.0
            ],
            "scale": [
                1,
                1,
                1
            ],
            "dimensions": [
                26.20872688293457,
                0.8282371759414673,
                50.473670959472656
            ]
        },
        {
            "type": "box",
            "name": "book_joint_r",
            "color": [
                204.0000182390213,
                82.04531148076057,
                81.60000577569008,
                255
            ],
            "location": [
                -4.342257022857666,
                -37.04018783569336,
                4.19077205657959
            ],
            "rotation": [
                1.570796325,
                -1.0111242532730103,
                -3.1415929794311523
            ],
            "scale": [
                1,
                1,
                1
            ],
            "dimensions": [
                3.0488929748535156,
                0.8282372951507568,
                50.473670959472656
            ]
        },
        {
            "type": "box",
            "name": "book_cover_r",
            "color": [
                204.0000182390213,
                82.04531148076057,
                81.60000577569008,
                255
            ],
            "location": [
                -17.861135482788086,
                -37.04018783569336,
                4.425116539001465
            ],
            "rotation": [
                1.570796325,
                0.0641041174530983,
                -3.1415929794311523
            ],
            "scale": [
                1,
                1,
                1
            ],
            "dimensions": [
                26.20872688293457,
                0.8282371759414673,
                50.473670959472656
            ]
        }
    ]
}