{
    "colliders": [
        {
            "type": "box",
            "name": "ground_col",
            "color": [
                14.73960192874074,
                6.889520036056638,
                4.904408706352115,
                255
            ],
            "location": [
                -0.0,
                -29.095584869384766,
                -31.989709854125977
            ],
            "rotation": [
                -4.5506286516783234e-08,
                0.0,
                -0.0
            ],
            "scale": [
                1,
                1,
                1
            ],
            "dimensions": [
                940.0961303710938,
                20.0,
                1312.5791015625
            ]
        },
        {
            "type": "box",
            "name": "patio_col",
            "color": [
                205,
                205,
                205,
                255
            ],
            "location": [
                -0.0,
                -15.24908447265625,
                -576.1608276367188
            ],
            "rotation": [
                -4.5506286516783234e-08,
                0.0,
                -0.0
            ],
            "scale": [
                1,
                1,
                1
            ],
            "dimensions": [
                111.52958679199219,
                11.563769340515137,
                111.52958679199219
            ]
        },
        {
            "type": "box",
            "name": "door_col",
            "color": [
                205,
                205,
                205,
                255
            ],
            "location": [
                -0.0,
                5.55303955078125,
                -607.4476318359375
            ],
            "rotation": [
                -4.5506286516783234e-08,
                0.0,
                -0.0
            ],
            "scale": [
                1,
                1,
                1
            ],
            "dimensions": [
                17.149843215942383,
                30.9714412689209,
                2.3178837299346924
            ]
        },
        {
            "type": "box",
            "name": "wall_l_col",
            "color": [
                30.415268428623676,
                13.541649710386992,
                9.375453516840935,
                255
            ],
            "location": [
                29.106698989868164,
                13.0035400390625,
                -607.4476318359375
            ],
            "rotation": [
                -4.5506286516783234e-08,
                0.0,
                -0.0
            ],
            "scale": [
                1,
                1,
                1
            ],
            "dimensions": [
                41.070831298828125,
                45.0079345703125,
                3.8834927082061768
            ]
        },
        {
            "type": "box",
            "name": "wall_r_col",
            "color": [
                30.415268428623676,
                13.541649710386992,
                9.375453516840935,
                255
            ],
            "location": [
                -29.106679916381836,
                13.0035400390625,
                -607.4476318359375
            ],
            "rotation": [
                -4.5506286516783234e-08,
                0.0,
                -0.0
            ],
            "scale": [
                1,
                1,
                1
            ],
            "dimensions": [
                41.070831298828125,
                45.0079345703125,
                3.8834900856018066
            ]
        },
        {
            "type": "box",
            "name": "wall_t_col",
            "color": [
                14.73960192874074,
                6.889520036056638,
                4.904408706352115,
                255
            ],
            "location": [
                -0.0,
                28.302001953125,
                -607.4476318359375
            ],
            "rotation": [
                -4.5506286516783234e-08,
                0.0,
                -0.0
            ],
            "scale": [
                1,
                1,
                1
            ],
            "dimensions": [
                17.149843215942383,
                14.301382064819336,
                3.8834900856018066
            ]
        }
    ],
    "house": [
        {
            "type": "box",
            "name": "door",
            "color": [
                14.73960192874074,
                6.889520036056638,
                4.904408706352115,
                255
            ],
            "location": [
                -0.0,
                5.55303955078125,
                -607.4476318359375
            ],
            "rotation": [
                -4.5506286516783234e-08,
                0.0,
                -0.0
            ],
            "scale": [
                1,
                1,
                1
            ],
            "dimensions": [
                17.149843215942383,
                30.9714412689209,
                2.3178837299346924
            ]
        },
        {
            "type": "box",
            "name": "patio",
            "color": [
                30.415268428623676,
                13.541649710386992,
                9.375453516840935,
                255
            ],
            "location": [
                -0.0,
                -10.59423828125,
                -576.1608276367188
            ],
            "rotation": [
                -4.5506286516783234e-08,
                0.0,
                -0.0
            ],
            "scale": [
                1,
                1,
                1
            ],
            "dimensions": [
                111.52958679199219,
                2.502976179122925,
                111.52958679199219
            ]
        },
        {
            "type": "box",
            "name": "wall_r",
            "color": [
                30.415268428623676,
                13.541649710386992,
                9.375453516840935,
                255
            ],
            "location": [
                -29.106679916381836,
                13.0035400390625,
                -638.8258056640625
            ],
            "rotation": [
                -4.5506286516783234e-08,
                0.0,
                -0.0
            ],
            "scale": [
                1,
                1,
                1
            ],
            "dimensions": [
                41.070831298828125,
                45.007930755615234,
                67.61797332763672
            ]
        },
        {
            "type": "box",
            "name": "wall_l",
            "color": [
                30.415268428623676,
                13.541649710386992,
                9.375453516840935,
                255
            ],
            "location": [
                29.106698989868164,
                13.0035400390625,
                -638.8258056640625
            ],
            "rotation": [
                -4.5506286516783234e-08,
                0.0,
                -0.0
            ],
            "scale": [
                1,
                1,
                1
            ],
            "dimensions": [
                41.070831298828125,
                45.007930755615234,
                67.61802673339844
            ]
        },
        {
            "type": "box",
            "name": "wall_t",
            "color": [
                30.415268428623676,
                13.541649710386992,
                9.375453516840935,
                255
            ],
            "location": [
                -0.0,
                28.302001953125,
                -607.4476318359375
            ],
            "rotation": [
                -4.5506286516783234e-08,
                0.0,
                -0.0
            ],
            "scale": [
                1,
                1,
                1
            ],
            "dimensions": [
                17.149843215942383,
                14.301382064819336,
                3.8834900856018066
            ]
        },
        {
            "type": "sphere",
            "name": "door_handle",
            "color": [
                77.31540128588676,
                35.71003541350365,
                10.27392290532589,
                255
            ],
            "location": [
                -6.118153095245361,
                5.55303955078125,
                -605.7145385742188
            ],
            "rotation": [
                -1.5707963705062866,
                0.0,
                -0.0
            ],
            "scale": [
                1,
                1,
                1
            ],
            "dimensions": [
                0.9510599970817566
            ]
        },
        {
            "type": "box",
            "name": "patio.001",
            "color": [
                30.415268428623676,
                13.541649710386992,
                9.375453516840935,
                255
            ],
            "location": [
                50.65270233154297,
                -16.50921630859375,
                -526.1293334960938
            ],
            "rotation": [
                -4.5506286516783234e-08,
                0.0,
                -0.0
            ],
            "scale": [
                1,
                1,
                1
            ],
            "dimensions": [
                4.930181980133057,
                12.263595581054688,
                5.838649749755859
            ]
        },
        {
            "type": "box",
            "name": "patio.002",
            "color": [
                30.415268428623676,
                13.541649710386992,
                9.375453516840935,
                255
            ],
            "location": [
                -50.08893585205078,
                -16.50921630859375,
                -526.1293334960938
            ],
            "rotation": [
                -4.5506286516783234e-08,
                0.0,
                -0.0
            ],
            "scale": [
                1,
                1,
                1
            ],
            "dimensions": [
                4.930181980133057,
                12.263595581054688,
                5.838649749755859
            ]
        },
        {
            "type": "box",
            "name": "patio.003",
            "color": [
                30.415268428623676,
                13.541649710386992,
                9.375453516840935,
                255
            ],
            "location": [
                -0.0,
                -13.07220458984375,
                -526.1488037109375
            ],
            "rotation": [
                -4.5506286516783234e-08,
                0.0,
                -0.0
            ],
            "scale": [
                1,
                1,
                1
            ],
            "dimensions": [
                100.56181335449219,
                2.502976179122925,
                2.300766706466675
            ]
        },
        {
            "type": "box",
            "name": "wall_t.001",
            "color": [
                30.415268428623676,
                13.541649710386992,
                9.375453516840935,
                255
            ],
            "location": [
                -0.0,
                35.35296630859375,
                -641.4180297851562
            ],
            "rotation": [
                -4.5506286516783234e-08,
                3.090862321641907e-08,
                0.7853981852531433
            ],
            "scale": [
                1,
                1,
                1
            ],
            "dimensions": [
                70.64217376708984,
                70.4368667602539,
                67.61798095703125
            ]
        },
        {
            "type": "box",
            "name": "wall_t.002",
            "color": [
                30.415268428623676,
                13.541649710386992,
                9.375453516840935,
                255
            ],
            "location": [
                -0.0,
                35.20465087890625,
                -607.4476318359375
            ],
            "rotation": [
                -4.5506286516783234e-08,
                0.0,
                -0.0
            ],
            "scale": [
                1,
                1,
                1
            ],
            "dimensions": [
                100.47277069091797,
                4.803013324737549,
                6.896242141723633
            ]
        },
        {
            "type": "box",
            "name": "wall_t.003",
            "color": [
                30.415268428623676,
                13.541649710386992,
                9.375453516840935,
                255
            ],
            "location": [
                28.097679138183594,
                57.9364013671875,
                -607.4476318359375
            ],
            "rotation": [
                -4.5506286516783234e-08,
                -3.1523164523150626e-08,
                -0.805483877658844
            ],
            "scale": [
                1,
                1,
                1
            ],
            "dimensions": [
                78.4455795288086,
                4.803013324737549,
                6.896242141723633
            ]
        },
        {
            "type": "box",
            "name": "wall_t.004",
            "color": [
                30.415268428623676,
                13.541649710386992,
                9.375453516840935,
                255
            ],
            "location": [
                -24.917007446289062,
                58.86602783203125,
                -607.4476318359375
            ],
            "rotation": [
                3.1415926955062865,
                3.1415927410125732,
                0.7653124332427979
            ],
            "scale": [
                1,
                1,
                1
            ],
            "dimensions": [
                78.4455795288086,
                4.803013324737549,
                6.896242141723633
            ]
        }
    ],
    "markers": [
        {
            "type": "empty",
            "name": "spawn",
            "color": [
                205,
                205,
                205,
                255
            ],
            "location": [
                -0.0,
                7.173828125,
                -558.2958984375
            ],
            "rotation": [
                -1.5707963705062866,
                0.0,
                -0.0
            ],
            "scale": [
                1,
                1,
                1
            ]
        },
        {
            "type": "empty",
            "name": "door_hinge",
            "color": [
                205,
                205,
                205,
                255
            ],
            "location": [
                8.57491683959961,
                5.5531005859375,
                -607.447998046875
            ],
            "rotation": [
                0.0,
                0.0,
                -0.0
            ],
            "scale": [
                1,
                1,
                1
            ]
        }
    ],
    "terrain": [
        {
            "type": "box",
            "name": "ground",
            "color": [
                14.73960192874074,
                6.889520036056638,
                4.904408706352115,
                255
            ],
            "location": [
                -0.0,
                -29.095584869384766,
                -31.989709854125977
            ],
            "rotation": [
                -4.5506286516783234e-08,
                0.0,
                -0.0
            ],
            "scale": [
                1,
                1,
                1
            ],
            "dimensions": [
                830.2392578125,
                20.0,
                1312.5791015625
            ]
        }
    ],
    "trees": [
        {
            "type": "empty",
            "name": "tree",
            "color": [
                205,
                205,
                205,
                255
            ],
            "location": [
                106.2432861328125,
                -19.294281005859375,
                194.01129150390625
            ],
            "rotation": [
                -1.5707963705062866,
                0.0,
                -0.0
            ],
            "scale": [
                1,
                1,
                1
            ]
        },
        {
            "type": "empty",
            "name": "tree.001",
            "color": [
                205,
                205,
                205,
                255
            ],
            "location": [
                213.3152313232422,
                -19.29428482055664,
                -6.878853797912598
            ],
            "rotation": [
                -1.5707963705062866,
                0.0,
                -0.0
            ],
            "scale": [
                1,
                1,
                1
            ]
        },
        {
            "type": "empty",
            "name": "tree.002",
            "color": [
                205,
                205,
                205,
                255
            ],
            "location": [
                106.2432861328125,
                -19.294296264648438,
                -156.9192352294922
            ],
            "rotation": [
                -1.5707963705062866,
                0.0,
                -0.0
            ],
            "scale": [
                1,
                1,
                1
            ]
        },
        {
            "type": "empty",
            "name": "tree.003",
            "color": [
                205,
                205,
                205,
                255
            ],
            "location": [
                106.2432861328125,
                -19.2943115234375,
                -331.0814208984375
            ],
            "rotation": [
                -1.5707963705062866,
                0.0,
                -0.0
            ],
            "scale": [
                1,
                1,
                1
            ]
        },
        {
            "type": "empty",
            "name": "tree.004",
            "color": [
                205,
                205,
                205,
                255
            ],
            "location": [
                -93.74252319335938,
                -19.294281005859375,
                194.01129150390625
            ],
            "rotation": [
                -1.5707963705062866,
                0.0,
                -0.0
            ],
            "scale": [
                1,
                1,
                1
            ]
        },
        {
            "type": "empty",
            "name": "tree.005",
            "color": [
                205,
                205,
                205,
                255
            ],
            "location": [
                -144.43052673339844,
                -19.294286727905273,
                44.15182113647461
            ],
            "rotation": [
                -1.5707963705062866,
                0.0,
                -0.0
            ],
            "scale": [
                1,
                1,
                1
            ]
        },
        {
            "type": "empty",
            "name": "tree.006",
            "color": [
                205,
                205,
                205,
                255
            ],
            "location": [
                -92.3003158569336,
                -19.294296264648438,
                -158.05410766601562
            ],
            "rotation": [
                -1.5707963705062866,
                0.0,
                -0.0
            ],
            "scale": [
                1,
                1,
                1
            ]
        },
        {
            "type": "empty",
            "name": "tree.007",
            "color": [
                205,
                205,
                205,
                255
            ],
            "location": [
                -93.74252319335938,
                -19.2943115234375,
                -331.0814208984375
            ],
            "rotation": [
                -1.5707963705062866,
                0.0,
                -0.0
            ],
            "scale": [
                1,
                1,
                1
            ]
        },
        {
            "type": "empty",
            "name": "tree.008",
            "color": [
                205,
                205,
                205,
                255
            ],
            "location": [
                254.0357208251953,
                -19.2943115234375,
                -250.22430419921875
            ],
            "rotation": [
                -1.5707963705062866,
                0.0,
                -0.0
            ],
            "scale": [
                1,
                1,
                1
            ]
        },
        {
            "type": "empty",
            "name": "tree.009",
            "color": [
                205,
                205,
                205,
                255
            ],
            "location": [
                -210.08580017089844,
                -19.2943115234375,
                -267.60198974609375
            ],
            "rotation": [
                -1.5707963705062866,
                0.0,
                -0.0
            ],
            "scale": [
                1,
                1,
                1
            ]
        },
        {
            "type": "empty",
            "name": "tree.010",
            "color": [
                205,
                205,
                205,
                255
            ],
            "location": [
                323.9230041503906,
                -19.294281005859375,
                138.07760620117188
            ],
            "rotation": [
                -1.5707963705062866,
                0.0,
                -0.0
            ],
            "scale": [
                1,
                1,
                1
            ]
        },
        {
            "type": "empty",
            "name": "tree.011",
            "color": [
                205,
                205,
                205,
                255
            ],
            "location": [
                -267.7143249511719,
                -19.294292449951172,
                -59.30673599243164
            ],
            "rotation": [
                -1.5707963705062866,
                0.0,
                -0.0
            ],
            "scale": [
                1,
                1,
                1
            ]
        },
        {
            "type": "empty",
            "name": "tree.012",
            "color": [
                205,
                205,
                205,
                255
            ],
            "location": [
                -313.2106628417969,
                -19.294281005859375,
                187.5513458251953
            ],
            "rotation": [
                -1.5707963705062866,
                0.0,
                -0.0
            ],
            "scale": [
                1,
                1,
                1
            ]
        },
        {
            "type": "empty",
            "name": "tree.013",
            "color": [
                205,
                205,
                205,
                255
            ],
            "location": [
                281.7196960449219,
                -19.294281005859375,
                319.39849853515625
            ],
            "rotation": [
                -1.5707963705062866,
                0.0,
                -0.0
            ],
            "scale": [
                1,
                1,
                1
            ]
        },
        {
            "type": "empty",
            "name": "tree.014",
            "color": [
                205,
                205,
                205,
                255
            ],
            "location": [
                -9.43070125579834,
                -19.294281005859375,
                388.3804626464844
            ],
            "rotation": [
                -1.5707963705062866,
                0.0,
                -0.0
            ],
            "scale": [
                1,
                1,
                1
            ]
        },
        {
            "type": "empty",
            "name": "tree.015",
            "color": [
                205,
                205,
                205,
                255
            ],
            "location": [
                -236.2531280517578,
                -19.294281005859375,
                327.4769287109375
            ],
            "rotation": [
                -1.5707963705062866,
                0.0,
                -0.0
            ],
            "scale": [
                1,
                1,
                1
            ]
        }
    ]
}