{
    "colliders": [
        {
            "type": "box",
            "name": "ground_col",
            "color": [
                14.73960192874074,
                6.889520036056638,
                4.904408706352115,
                255
            ],
            "location": [
                -0.0,
                -29.095584869384766,
                -31.989709854125977
            ],
            "rotation": [
                -4.5506286516783234e-08,
                0.0,
                -0.0
            ],
            "scale": [
                1,
                1,
                1
            ],
            "dimensions": [
                384.5320129394531,
                20.0,
                1312.5791015625
            ]
        },
        {
            "type": "box",
            "name": "patio_col",
            "color": [
                205,
                205,
                205,
                255
            ],
            "location": [
                -0.0,
                -15.24908447265625,
                -576.1608276367188
            ],
            "rotation": [
                -4.5506286516783234e-08,
                0.0,
                -0.0
            ],
            "scale": [
                1,
                1,
                1
            ],
            "dimensions": [
                111.52958679199219,
                11.563769340515137,
                111.52958679199219
            ]
        },
        {
            "type": "box",
            "name": "door_col",
            "color": [
                205,
                205,
                205,
                255
            ],
            "location": [
                -0.0,
                5.55303955078125,
                -607.4476318359375
            ],
            "rotation": [
                -4.5506286516783234e-08,
                0.0,
                -0.0
            ],
            "scale": [
                1,
                1,
                1
            ],
            "dimensions": [
                17.149843215942383,
                30.9714412689209,
                2.3178837299346924
            ]
        },
        {
            "type": "box",
            "name": "wall_l_col",
            "color": [
                30.415268428623676,
                13.541649710386992,
                9.375453516840935,
                255
            ],
            "location": [
                29.106698989868164,
                13.0035400390625,
                -607.4476318359375
            ],
            "rotation": [
                -4.5506286516783234e-08,
                0.0,
                -0.0
            ],
            "scale": [
                1,
                1,
                1
            ],
            "dimensions": [
                41.070831298828125,
                45.0079345703125,
                3.8834927082061768
            ]
        },
        {
            "type": "box",
            "name": "wall_r_col",
            "color": [
                30.415268428623676,
                13.541649710386992,
                9.375453516840935,
                255
            ],
            "location": [
                -29.106679916381836,
                13.0035400390625,
                -607.4476318359375
            ],
            "rotation": [
                -4.5506286516783234e-08,
                0.0,
                -0.0
            ],
            "scale": [
                1,
                1,
                1
            ],
            "dimensions": [
                41.070831298828125,
                45.0079345703125,
                3.8834900856018066
            ]
        },
        {
            "type": "box",
            "name": "wall_t_col",
            "color": [
                14.73960192874074,
                6.889520036056638,
                4.904408706352115,
                255
            ],
            "location": [
                -0.0,
                28.302001953125,
                -607.4476318359375
            ],
            "rotation": [
                -4.5506286516783234e-08,
                0.0,
                -0.0
            ],
            "scale": [
                1,
                1,
                1
            ],
            "dimensions": [
                17.149843215942383,
                14.301382064819336,
                3.8834900856018066
            ]
        }
    ],
    "house": [
        {
            "type": "box",
            "name": "door",
            "color": [
                14.73960192874074,
                6.889520036056638,
                4.904408706352115,
                255
            ],
            "location": [
                -0.0,
                5.55303955078125,
                -607.4476318359375
            ],
            "rotation": [
                -4.5506286516783234e-08,
                0.0,
                -0.0
            ],
            "scale": [
                1,
                1,
                1
            ],
            "dimensions": [
                17.149843215942383,
                30.9714412689209,
                2.3178837299346924
            ]
        },
        {
            "type": "box",
            "name": "patio",
            "color": [
                30.415268428623676,
                13.541649710386992,
                9.375453516840935,
                255
            ],
            "location": [
                -0.0,
                -10.59423828125,
                -576.1608276367188
            ],
            "rotation": [
                -4.5506286516783234e-08,
                0.0,
                -0.0
            ],
            "scale": [
                1,
                1,
                1
            ],
            "dimensions": [
                111.52958679199219,
                2.502976179122925,
                111.52958679199219
            ]
        },
        {
            "type": "box",
            "name": "wall_r",
            "color": [
                30.415268428623676,
                13.541649710386992,
                9.375453516840935,
                255
            ],
            "location": [
                -29.106679916381836,
                13.0035400390625,
                -607.4476318359375
            ],
            "rotation": [
                -4.5506286516783234e-08,
                0.0,
                -0.0
            ],
            "scale": [
                1,
                1,
                1
            ],
            "dimensions": [
                41.070831298828125,
                45.0079345703125,
                3.8834900856018066
            ]
        },
        {
            "type": "box",
            "name": "wall_l",
            "color": [
                30.415268428623676,
                13.541649710386992,
                9.375453516840935,
                255
            ],
            "location": [
                29.106698989868164,
                13.0035400390625,
                -607.4476318359375
            ],
            "rotation": [
                -4.5506286516783234e-08,
                0.0,
                -0.0
            ],
            "scale": [
                1,
                1,
                1
            ],
            "dimensions": [
                41.070831298828125,
                45.0079345703125,
                3.8834927082061768
            ]
        },
        {
            "type": "box",
            "name": "wall_t",
            "color": [
                30.415268428623676,
                13.541649710386992,
                9.375453516840935,
                255
            ],
            "location": [
                -0.0,
                28.302001953125,
                -607.4476318359375
            ],
            "rotation": [
                -4.5506286516783234e-08,
                0.0,
                -0.0
            ],
            "scale": [
                1,
                1,
                1
            ],
            "dimensions": [
                17.149843215942383,
                14.301382064819336,
                3.8834900856018066
            ]
        },
        {
            "type": "sphere",
            "name": "door_handle",
            "color": [
                77.31540128588676,
                35.71003541350365,
                10.27392290532589,
                255
            ],
            "location": [
                -6.118153095245361,
                5.55303955078125,
                -605.7145385742188
            ],
            "rotation": [
                -1.5707963705062866,
                0.0,
                -0.0
            ],
            "scale": [
                1,
                1,
                1
            ],
            "dimensions": [
                0.9510599970817566
            ]
        }
    ],
    "markers": [
        {
            "type": "empty",
            "name": "spawn",
            "color": [
                205,
                205,
                205,
                255
            ],
            "location": [
                -0.0,
                35.561279296875,
                279.3611145019531
            ],
            "rotation": [
                -1.5707963705062866,
                0.0,
                -0.0
            ],
            "scale": [
                1,
                1,
                1
            ]
        },
        {
            "type": "empty",
            "name": "door_hinge",
            "color": [
                205,
                205,
                205,
                255
            ],
            "location": [
                8.57491683959961,
                5.5531005859375,
                -607.447998046875
            ],
            "rotation": [
                0.0,
                0.0,
                -0.0
            ],
            "scale": [
                1,
                1,
                1
            ]
        }
    ],
    "terrain": [
        {
            "type": "box",
            "name": "ground",
            "color": [
                14.73960192874074,
                6.889520036056638,
                4.904408706352115,
                255
            ],
            "location": [
                -0.0,
                -29.095584869384766,
                -31.989709854125977
            ],
            "rotation": [
                -4.5506286516783234e-08,
                0.0,
                -0.0
            ],
            "scale": [
                1,
                1,
                1
            ],
            "dimensions": [
                384.5320129394531,
                20.0,
                1312.5791015625
            ]
        }
    ],
    "trees": [
        {
            "type": "empty",
            "name": "tree",
            "color": [
                205,
                205,
                205,
                255
            ],
            "location": [
                106.2432861328125,
                -19.294281005859375,
                194.01129150390625
            ],
            "rotation": [
                -1.5707963705062866,
                0.0,
                -0.0
            ],
            "scale": [
                1,
                1,
                1
            ]
        },
        {
            "type": "empty",
            "name": "tree.001",
            "color": [
                205,
                205,
                205,
                255
            ],
            "location": [
                106.2432861328125,
                -19.29428482055664,
                13.794891357421875
            ],
            "rotation": [
                -1.5707963705062866,
                0.0,
                -0.0
            ],
            "scale": [
                1,
                1,
                1
            ]
        },
        {
            "type": "empty",
            "name": "tree.002",
            "color": [
                205,
                205,
                205,
                255
            ],
            "location": [
                106.2432861328125,
                -19.294296264648438,
                -156.9192352294922
            ],
            "rotation": [
                -1.5707963705062866,
                0.0,
                -0.0
            ],
            "scale": [
                1,
                1,
                1
            ]
        },
        {
            "type": "empty",
            "name": "tree.003",
            "color": [
                205,
                205,
                205,
                255
            ],
            "location": [
                106.2432861328125,
                -19.2943115234375,
                -331.0814208984375
            ],
            "rotation": [
                -1.5707963705062866,
                0.0,
                -0.0
            ],
            "scale": [
                1,
                1,
                1
            ]
        },
        {
            "type": "empty",
            "name": "tree.004",
            "color": [
                205,
                205,
                205,
                255
            ],
            "location": [
                -93.74252319335938,
                -19.294281005859375,
                194.01129150390625
            ],
            "rotation": [
                -1.5707963705062866,
                0.0,
                -0.0
            ],
            "scale": [
                1,
                1,
                1
            ]
        },
        {
            "type": "empty",
            "name": "tree.005",
            "color": [
                205,
                205,
                205,
                255
            ],
            "location": [
                -93.74252319335938,
                -19.29428482055664,
                13.794891357421875
            ],
            "rotation": [
                -1.5707963705062866,
                0.0,
                -0.0
            ],
            "scale": [
                1,
                1,
                1
            ]
        },
        {
            "type": "empty",
            "name": "tree.006",
            "color": [
                205,
                205,
                205,
                255
            ],
            "location": [
                -93.74252319335938,
                -19.294296264648438,
                -156.9192352294922
            ],
            "rotation": [
                -1.5707963705062866,
                0.0,
                -0.0
            ],
            "scale": [
                1,
                1,
                1
            ]
        },
        {
            "type": "empty",
            "name": "tree.007",
            "color": [
                205,
                205,
                205,
                255
            ],
            "location": [
                -93.74252319335938,
                -19.2943115234375,
                -331.0814208984375
            ],
            "rotation": [
                -1.5707963705062866,
                0.0,
                -0.0
            ],
            "scale": [
                1,
                1,
                1
            ]
        }
    ]
}